{"_pos":{"x":1,"y":100,"z":7},"_dimension_id":0,"_face_position":{"x":1.0607205629348754,"y":100,"z":7.998154640197754},"_message":"10","_delay":0}